{"cameraMode":{"drawMode":0,"name":"Shaded","section":"Shading Mode"},"sceneLighting":false,"audioPlay":false,"sceneViewState":{"showFog":true,"showMaterialUpdate":false,"showSkybox":true,"showFlares":true,"showImageEffects":true,"showParticleSystems":true},"in2DMode":false,"pivot":{"x":0.00003337860107421875,"y":0.612798810005188,"z":-0.09493806958198548},"rotation":{"x":0.2231510430574417,"y":0.0467645525932312,"z":-0.01071839313954115,"w":0.9736025333404541},"size":2.89188814163208,"orthographic":false}